[
  {
    "id": 1,
    "name": "Aravindh Kumar",
    "branch": "Computer Science",
    "rollno": "CS101",
    "gpa": 8.7,
    "age": 21
  },
  {
    "id": 2,
    "name": "Priya Sharma",
    "branch": "Electrical Engineering",
    "rollno": "EE102",
    "gpa": 9.1,
    "age": 22
  },
  {
    "id": 3,
    "name": "Ravi Singh",
    "branch": "Mechanical Engineering",
    "rollno": "ME103",
    "gpa": 7.8,
    "age": 23
  },
  {
    "id": 4,
    "name": "Neha Gupta",
    "branch": "Civil Engineering",
    "rollno": "CE104",
    "gpa": 8.3,
    "age": 22
  },
  {
    "id": 5,
    "name": "Anil Reddy",
    "branch": "Aerospace Engineering",
    "rollno": "AE105",
    "gpa": 8.9,
    "age": 21
  }
]
